{
  "timestamp": "2025-12-08T11:14:45.518400",
  "symbols": [
    "NVDA",
    "AMD",
    "TSLA",
    "US500"
  ],
  "days": 90,
  "news_filter": true,
  "aggregate": {
    "total_trades": 146,
    "winning_trades": 45,
    "total_pnl": -21560.31680937814,
    "total_commission": 292.0,
    "symbols_profitable": 2,
    "overall_win_rate": 30.82191780821918
  },
  "per_symbol": {
    "NVDA": {
      "total_trades": 37,
      "winning_trades": 9,
      "win_rate": 24.324324324324326,
      "total_pnl": -2345.789166412891,
      "profit_factor": 0.6389105659701103,
      "max_drawdown": 10.476445829308489,
      "final_balance": 22580.21083358712
    },
    "AMD": {
      "total_trades": 36,
      "winning_trades": 14,
      "win_rate": 38.88888888888889,
      "total_pnl": 2539.952194306892,
      "profit_factor": 1.4597981237010536,
      "max_drawdown": 7.402048983090315,
      "final_balance": 27467.952194306883
    },
    "TSLA": {
      "total_trades": 36,
      "winning_trades": 14,
      "win_rate": 38.88888888888889,
      "total_pnl": 467.46517918967356,
      "profit_factor": 1.061566648706667,
      "max_drawdown": 8.78611194504953,
      "final_balance": 25395.46517918965
    },
    "US500": {
      "total_trades": 37,
      "winning_trades": 8,
      "win_rate": 21.62162162162162,
      "total_pnl": -22221.945016461814,
      "profit_factor": 0.5043097874999515,
      "max_drawdown": 99.49632243176475,
      "final_balance": 2704.054983538186
    }
  }
}